Origem;Nome;Código IF / CETIP;ISIN;Status;Taxa / Remuneração;Emissão;Série;Data Emissão;Data Vencimento;Volume (R$);Devedor / Cedente;Lastro;Agente Fiduciário;Tipo / Oferta
"HabitaSec";"Abecker Florescer";"26E2786908";"BRHBSCCRIEG4";"Ativo";"IPCA + 14% a.a.";"980";"";"";"";"";"Abecker Florescer";"";"";"CRI"
"HabitaSec";"Abecker Florescer";"26K0010401";"BRHBSCCRIEH2";"Ativo";"IPCA";"981";"";"";"";"";"Abecker Florescer";"";"";"CRI"
"HabitaSec";"Abecker Florescer";"27I0000801";"BRHBSCCRIEI0";"Ativo";"IPCA";"982";"";"";"";"";"Abecker Florescer";"";"";"CRI"
"HabitaSec";"Ditolvo III";"19D0671987";"BRHBSCCRI379";"Ativo";"CDI";"954";"";"";"";"";"Ditolvo III";"";"";"CRI"
"HabitaSec";"Praias II";"19H0293120";"BRHBSCCRI3P4";"Ativo";"CDI";"955";"";"";"";"";"Praias II";"";"";"CRI"
"HabitaSec";"CHB";"19D0515876";"BRHBSCCRI338";"Ativo";"CDI";"953";"";"";"";"";"CHB";"";"";"CRI"
"HabitaSec";"Tatinha";"26C4273912";"BRHBSCCRIE72";"Ativo";"IPCA + 12% a.a.";"875";"";"";"";"";"Tatinha";"";"";"CRI"
"HabitaSec";"Setin II";"19E0281174";"BRHBSCCRI3B4";"Ativo";"CDI + 4% a.a.";"451";"";"";"";"";"Setin II";"";"";"CRI"
"HabitaSec";"Scopel Capitânia";"11L0005889";"BRHBSCCRI031";"Ativo";"IPCA + 11.052% a.a.";"217";"";"";"";"";"Scopel Capitânia";"";"";"CRI"
"HabitaSec";"Scopel Capitânia";"11L0005713";"BRHBSCCRI023";"Ativo";"IPCA + 15% a.a.";"216";"";"";"";"";"Scopel Capitânia";"";"";"CRI"
"HabitaSec";"Scopel Capitânia";"11L0004764";"BRHBSCCRI015";"Ativo";"IPCA + 9% a.a.";"215";"";"";"";"";"Scopel Capitânia";"";"";"CRI"
"HabitaSec";"Aloes";"12E0031990";"&#8212;";"Ativo";"IPCA + 12.041365% a.a.";"218";"";"";"";"";"Aloes";"";"";"CRI"
"HabitaSec";"Scopel III";"12J0018024";"BRHBSCCRI0C8";"Ativo";"IPCA";"974";"";"";"";"";"Scopel III";"";"";"CRI"
"HabitaSec";"Scopel III";"12J0017781";"BRHBSCCRI0B0";"Ativo";"IPCA";"943";"";"";"";"";"Scopel III";"";"";"CRI"
"HabitaSec";"Scopel III";"12J0017777";"BRHBSCCRI0A2";"Ativo";"IPCA";"942";"";"";"";"";"Scopel III";"";"";"CRI"
"HabitaSec";"Reserva Real";"13F0037678";"BRHBSCCRI0N5";"Ativo";"IGP-M + 7.5% a.a.";"554";"";"";"";"";"Reserva Real";"";"";"CRI"
"HabitaSec";"Reserva Real";"13F0034990";"BRHBSCCRI0M7";"Ativo";"IGP-M + 7.5% a.a.";"553";"";"";"";"";"Reserva Real";"";"";"CRI"
"HabitaSec";"Green Club";"13H0051110";"BRHBSCCRI0P0";"Ativo";"IGP-M";"947";"";"";"";"";"Green Club";"";"";"CRI"
"HabitaSec";"Green Club";"13H0051104";"BRHBSCCRI0O3";"Ativo";"IGP-M";"946";"";"";"";"";"Green Club";"";"";"CRI"
"HabitaSec";"Mamoré";"16F0242080";"BRHBSCCRI1H5";"Ativo";"IGP-M";"952";"";"";"";"";"Mamoré";"";"";"CRI"
"HabitaSec";"Helbor V";"19A0625067";"BRHBSCCRI312";"Ativo";"CDI";"949";"";"";"";"";"Helbor V";"";"";"CRI"
"HabitaSec";"Trisul II";"19C0337001";"BRHBSCCRI346";"Ativo";"CDI";"950";"";"";"";"";"Trisul II";"";"";"CRI"
"HabitaSec";"Partage II";"19G0311661";"BRHBSCCRI3F5";"Ativo";"CDI + 1.8% a.a.";"435";"";"";"";"";"Partage II";"";"";"CRI"
"HabitaSec";"Setin III";"19I0307144";"BRHBSCCRI3Q2";"Ativo";"CDI + 4.25% a.a.";"418";"";"";"";"";"Setin III";"";"";"CRI"
"HabitaSec";"Longitude";"19K1145467";"BRHBSCCRI4K3";"Ativo";"CDI + 5% a.a.";"419";"";"";"";"";"Longitude";"";"";"CRI"
"HabitaSec";"Helbor VII";"19L0906036";"BRHBSCCRI4L1";"Ativo";"CDI + 1.5% a.a.";"421";"";"";"";"";"Helbor VII";"";"";"CRI"
"HabitaSec";"Colmeia";"20A1026890";"BRHBSCCRI4P2";"Ativo";"IPCA + 10% a.a.";"411";"";"";"";"";"Colmeia";"";"";"CRI"
"HabitaSec";"Nex";"20E1055012";"BRHBSCCRI4W8";"Ativo";"CDI + 5% a.a.";"441";"";"";"";"";"Nex";"";"";"CRI"
"HabitaSec";"Infinita Town";"20F0718722";"BRHBSCCRI4V0";"Ativo";"IPCA + 11% a.a.";"391";"";"";"";"";"Infinita Town";"";"";"CRI"
"HabitaSec";"Infinita Town";"20F0718024";"BRHBSCCRI4U2";"Ativo";"IPCA + 15.9% a.a.";"390";"";"";"";"";"Infinita Town";"";"";"CRI"
"HabitaSec";"Infinita Town";"20F0718010";"BRHBSCCRI4T4";"Ativo";"IPCA + 14% a.a.";"389";"";"";"";"";"Infinita Town";"";"";"CRI"
"HabitaSec";"Infinita Town";"20F0717398";"BRHBSCCRI4S6";"Ativo";"IPCA + 13% a.a.";"388";"";"";"";"";"Infinita Town";"";"";"CRI"
"HabitaSec";"MEL";"20I0573995";"BRHBSCCRI544";"Ativo";"IPCA + 5.9% a.a.";"226";"";"";"";"";"MEL";"";"";"CRI"
"HabitaSec";"Vitacon III";"20I0718827";"BRHBSCCRI593";"Ativo";"CDI + 6.5% a.a.";"400";"";"";"";"";"Vitacon III";"";"";"CRI"
"HabitaSec";"Vitacon III";"20I0718383";"BRHBSCCRI585";"Ativo";"CDI + 5.5% a.a.";"399";"";"";"";"";"Vitacon III";"";"";"CRI"
"HabitaSec";"Vitacon III";"20I0718026";"BRHBSCCRI577";"Ativo";"CDI + 4% a.a.";"398";"";"";"";"";"Vitacon III";"";"";"CRI"
"HabitaSec";"Vitacon IV";"20J0847216";"BRHBSCCRI5I4";"Ativo";"IPCA + 8.5% a.a.";"397";"";"";"";"";"Vitacon IV";"";"";"CRI"
"HabitaSec";"Vitacon IV";"20J0846991";"BRHBSCCRI5H6";"Ativo";"IPCA + 7.25% a.a.";"396";"";"";"";"";"Vitacon IV";"";"";"CRI"
"HabitaSec";"Vitacon IV";"20J0837296";"BRHBSCCRI5G8";"Ativo";"IPCA + 5.75% a.a.";"395";"";"";"";"";"Vitacon IV";"";"";"CRI"
"HabitaSec";"Infinita Parque II";"20K0797915";"BRHBSCCRI5L8";"Ativo";"IPCA + 14% a.a.";"408";"";"";"";"";"Infinita Parque II";"";"";"CRI"
"HabitaSec";"Bento Capitão &#8211; Nex Like";"20L0789249";"BRHBSCCRI5P9";"Ativo";"IPCA + 12.68% a.a.";"280";"";"";"";"";"Bento Capitão &#8211; Nex Like";"";"";"CRI"
"HabitaSec";"Bento Capitão &#8211; Nex Like";"20L0789248";"BRHBSCCRI5O2";"Ativo";"IPCA + 12.68% a.a.";"279";"";"";"";"";"Bento Capitão &#8211; Nex Like";"";"";"CRI"
"HabitaSec";"Infinita Life III";"21B0760585";"BRHBSCCRI619";"Ativo";"IPCA + 14% a.a.";"339";"";"";"";"";"Infinita Life III";"";"";"CRI"
"HabitaSec";"Infinita Life III";"21B0760584";"BRHBSCCRI601";"Ativo";"IPCA + 14% a.a.";"338";"";"";"";"";"Infinita Life III";"";"";"CRI"
"HabitaSec";"Infinita Life III";"21B0760582";"BRHBSCCRI5Z8";"Ativo";"IPCA + 14% a.a.";"337";"";"";"";"";"Infinita Life III";"";"";"CRI"
"HabitaSec";"Extrema";"21D0543868";"BRHBSCCRI6A9";"Ativo";"IPCA + 20% a.a.";"269";"";"";"";"";"Extrema";"";"";"CRI"
"HabitaSec";"Econ";"21F1036910";"BRHBSCCRI6O0";"Ativo";"CDI + 2.5% a.a.";"351";"";"";"";"";"Econ";"";"";"CRI"
"HabitaSec";"Vanguarda";"22A1127471";"BRHBSCCRI825";"Ativo";"IPCA + 12.6825% a.a.";"288";"";"";"";"";"Vanguarda";"";"";"CRI"
"HabitaSec";"Raum";"22B0468118";"BRHBSCCRI8D9";"Ativo";"IPCA + 13% a.a.";"250";"";"";"";"";"Raum";"";"";"CRI"
"HabitaSec";"Infinita Parque II";"22G1166026";"BRHBSCCRI9J4";"Ativo";"CDI + 7% a.a.";"430";"";"";"";"";"Infinita Parque II";"";"";"CRI"
"HabitaSec";"Infinita Town";"22J1411300";"BRHBSCCRI9O4";"Ativo";"CDI + 7.5% a.a.";"431";"";"";"";"";"Infinita Town";"";"";"CRI"
"HabitaSec";"Infinita Life III";"23B0432351";"BRHBSCCRI9Z0";"Ativo";"CDI + 7% a.a.";"340";"";"";"";"";"Infinita Life III";"";"";"CRI"
"HabitaSec";"Scopel III";"12J0017781";"&#8212;";"Ativo";"IPCA";"943";"";"";"";"";"Scopel III";"";"";"CRI"
"HabitaSec";"Scopel III";"12J0017777";"&#8212;";"Ativo";"IPCA";"942";"";"";"";"";"Scopel III";"";"";"CRI"
"HabitaSec";"Green Club";"13H0051110";"&#8212;";"Ativo";"IGP-M";"947";"";"";"";"";"Green Club";"";"";"CRI"
"HabitaSec";"Green Club";"13H0051104";"&#8212;";"Ativo";"IGP-M";"946";"";"";"";"";"Green Club";"";"";"CRI"
"HabitaSec";"Mamoré";"16F0242080";"&#8212;";"Ativo";"IGP-M";"952";"";"";"";"";"Mamoré";"";"";"CRI"
"HabitaSec";"Porto Quality";"16H0156564";"&#8212;";"Ativo";"IPCA + 10.5% a.a.";"944";"";"";"";"";"Porto Quality";"";"";"CRI"
"HabitaSec";"Summer";"16K2085767";"&#8212;";"Ativo";"IPCA + 10.5% a.a.";"945";"";"";"";"";"Summer";"";"";"CRI"
"HabitaSec";"Even II";"18C0765059";"&#8212;";"Ativo";"CDI + 0.03% a.a.";"948";"";"";"";"";"Even II";"";"";"CRI"
"HabitaSec";"Helbor V";"19A0625067";"&#8212;";"Ativo";"CDI";"949";"";"";"";"";"Helbor V";"";"";"CRI"
"HabitaSec";"Trisul II";"19C0337001";"&#8212;";"Ativo";"CDI";"950";"";"";"";"";"Trisul II";"";"";"CRI"
"HabitaSec";"CHB";"19D0515876";"&#8212;";"Ativo";"CDI";"953";"";"";"";"";"CHB";"";"";"CRI"
"HabitaSec";"Divolto III";"19D0671987";"&#8212;";"Ativo";"CDI";"954";"";"";"";"";"Divolto III";"";"";"CRI"
"HabitaSec";"Helbor VI";"19F0260959";"&#8212;";"Ativo";"CDI + 0.0215% a.a.";"951";"";"";"";"";"Helbor VI";"";"";"CRI"
"HabitaSec";"Praias II";"19H0293120";"&#8212;";"Ativo";"CDI";"955";"";"";"";"";"Praias II";"";"";"CRI"
"HabitaSec";"Rovic II";"19I0307536";"&#8212;";"Ativo";"CDI + 0.055% a.a.";"956";"";"";"";"";"Rovic II";"";"";"CRI"
"HabitaSec";"Praias III";"19J0231267";"&#8212;";"Ativo";"CDI + 0.06% a.a.";"957";"";"";"";"";"Praias III";"";"";"CRI"
"HabitaSec";"Embraed III &#8211; Iridium";"20I0000001";"&#8212;";"Ativo";"CDI + 0.065% a.a.";"959";"";"";"";"";"Embraed III &#8211; Iridium";"";"";"CRI"
"HabitaSec";"Embraed VBI";"20K0778773";"&#8212;";"Ativo";"IPCA + 7% a.a.";"958";"";"";"";"";"Embraed VBI";"";"";"CRI"
"HabitaSec";"Atlantico Bautico";"21E0823280";"&#8212;";"Ativo";"IPCA + 6.2% a.a.";"960";"";"";"";"";"Atlantico Bautico";"";"";"CRI"
"HabitaSec";"LBraga";"21H0889576";"&#8212;";"Ativo";"INCC-M + 11.5% a.a.";"965";"";"";"";"";"LBraga";"";"";"CRI"
"HabitaSec";"LBraga";"21H0889518";"&#8212;";"Ativo";"INCC-M + 11.5% a.a.";"964";"";"";"";"";"LBraga";"";"";"CRI"
"HabitaSec";"LBraga";"21H0889464";"&#8212;";"Ativo";"INCC-M + 11.5% a.a.";"963";"";"";"";"";"LBraga";"";"";"CRI"
"HabitaSec";"LBraga";"21H0889352";"&#8212;";"Ativo";"INCC-M + 11.5% a.a.";"962";"";"";"";"";"LBraga";"";"";"CRI"
"HabitaSec";"Pernambuco";"21H1031213";"&#8212;";"Ativo";"CDI + 0.0575% a.a.";"961";"";"";"";"";"Pernambuco";"";"";"CRI"
"HabitaSec";"Ditolvo VI";"21J0703978";"&#8212;";"Ativo";"CDI + 0.06% a.a.";"966";"";"";"";"";"Ditolvo VI";"";"";"CRI"
"HabitaSec";"Vokkan";"21K1073037";"&#8212;";"Ativo";"IPCA + 8% a.a.";"967";"";"";"";"";"Vokkan";"";"";"CRI"
"HabitaSec";"Fragnani";"21L1280777";"&#8212;";"Ativo";"IPCA + 8.5% a.a.";"968";"";"";"";"";"Fragnani";"";"";"CRI"
"HabitaSec";"Fragnani";"21L1280777";"&#8212;";"Ativo";"IPCA + 8.5% a.a.";"968";"";"";"";"";"Fragnani";"";"";"CRI"
"HabitaSec";"Ativos Residenciais Diversificados";"25K3255796";"BRHBSCCRIDF8";"Ativo";"CDI";"941";"";"";"";"";"Ativos Residenciais Diversificados";"";"";"CRI"
"HabitaSec";"Evoke";"26E0012601";"BRHBSCCRIDQ5";"Ativo";"CDI + 0.045% a.a.";"936";"";"";"";"";"Evoke";"";"";"CRI"
"HabitaSec";"Evoke";"26H0006201";"BRHBSCCRIDR3";"Ativo";"CDI + 0.045% a.a.";"937";"";"";"";"";"Evoke";"";"";"CRI"
"HabitaSec";"Evoke";"26K0007002";"BRHBSCCRIDS1";"Ativo";"CDI + 0.045% a.a.";"938";"";"";"";"";"Evoke";"";"";"CRI"
"HabitaSec";"Evoke";"27B0000801";"BRHBSCCRIDT9";"Ativo";"CDI + 0.045% a.a.";"939";"";"";"";"";"Evoke";"";"";"CRI"
"HabitaSec";"Evoke";"27E0000401";"BRHBSCCRIDU7";"Ativo";"CDI + 0.045% a.a.";"940";"";"";"";"";"Evoke";"";"";"CRI"
"HabitaSec";"CRA Minerva III";"CRA026001UT";"BRHBSCCRA0A0";"Ativo";"CDI + 1% a.a.";"913";"";"";"";"";"CRA Minerva III";"";"";"CRI"
"HabitaSec";"Econ V";"26D4571142";"BRHBSCCRIE98";"Ativo";"CDI + 1% a.a.";"911";"";"";"";"";"Econ V";"";"";"CRI"
"HabitaSec";"FGR";"26E2220723";"BRHBSCCRIEF6";"Ativo";"Não definido";"909";"";"";"";"";"FGR";"";"";"CRI"
"HabitaSec";"FGR";"26E2217761";"BRHBSCCRIEE9";"Ativo";"IPCA";"908";"";"";"";"";"FGR";"";"";"CRI"
"HabitaSec";"FGR";"26E2121948";"BRHBSCCRIED1";"Ativo";"IPCA";"907";"";"";"";"";"FGR";"";"";"CRI"
"HabitaSec";"FGR";"26E2121897";"BRHBSCCRIEC3";"Ativo";"IPCA";"905";"";"";"";"";"FGR";"";"";"CRI"
"HabitaSec";"FGR";"26E2096092";"BRHBSCCRIEB5";"Ativo";"IPCA + 10% a.a.";"904";"";"";"";"";"FGR";"";"";"CRI"
"HabitaSec";"Econ IV";"26D5393866";"BRHBSCCRIEA7";"Ativo";"CDI + 3.66% a.a.";"892";"";"";"";"";"Econ IV";"";"";"CRI"
"HabitaSec";"Econ IV";"BRHBSCCRIEA7";"26D5393866";"Ativo";"CDI + 3.66% a.a.";"892";"";"";"";"";"Econ IV";"";"";"CRI"
"HabitaSec";"Artis";"26D0303109";"BRHBSCCRIE80";"Ativo";"IPCA + 12.3% a.a.";"890";"";"";"";"";"Artis";"";"";"CRI"
"HabitaSec";"EBM Permuta Financeira";"24D3468496";"BRHBSCCRIBC9";"Ativo";"INCC-M + 8% a.a.";"503";"";"";"";"";"EBM Permuta Financeira";"";"";"CRI"
"HabitaSec";"Evoke";"26B0019801";"BRHBSCCRIDP7";"Ativo";"CDI + 4.5% a.a.";"888";"";"";"";"";"Evoke";"";"";"CRI"
"HabitaSec";"Cidade Verde";"26C2996517";"BRHBSCCRIE56";"Ativo";"IPCA + 18% a.a.";"880";"";"";"";"";"Cidade Verde";"";"";"CRI"
"HabitaSec";"Cidade Verde";"26C2971464";"BRHBSCCRIE64";"Ativo";"IPCA + 10.5% a.a.";"879";"";"";"";"";"Cidade Verde";"";"";"CRI"
"HabitaSec";"Trinity";"26C3661623";"BRHBSCCRIE49";"Ativo";"CDI";"885";"";"";"";"";"Trinity";"";"";"CRI"
"HabitaSec";"Trinity";"26C3631552";"BRHBSCCRIE31";"Ativo";"CDI + 3.25% a.a.";"881";"";"";"";"";"Trinity";"";"";"CRI"
"HabitaSec";"Crediblue Aquisição Residencial";"25K2622192";"BRHBSCCRID99";"Ativo";"IPCA + 9.5% a.a.";"613";"";"";"";"";"Crediblue Aquisição Residencial";"";"";"CRI"
"HabitaSec";"Basesul";"26A5175273";"BRHBSCCRIDW3";"Ativo";"IPCA + 9.3% a.a.";"887";"";"";"";"";"Basesul";"";"";"CRI"
"HabitaSec";"B&#038;B";"21H0720107";"BRHBSCCRI6Y9";"Ativo";"IPCA + 7.5% a.a.";"335";"";"";"";"";"B&#038;B";"";"";"CRI"
"HabitaSec";"Cidade Verde";"26C2996517";"BRHBSCCRIE64";"Ativo";"IPCA + 18% a.a.";"879";"";"";"";"";"Cidade Verde";"";"";"CRI"
"HabitaSec";"Tatinha";"26C4273912";"&#8212;";"Ativo";"IPCA + 12% a.a.";"875";"";"";"";"";"Tatinha";"";"";"CRI"
"HabitaSec";"SCOPEL O.A";"11C0035926";"&#8212;";"Ativo";"IPCA + 9.5% a.a.";"462";"";"";"";"";"SCOPEL O.A";"";"";"CRI"
"HabitaSec";"Scopel";"12F0028554";"BRHBSCCRI098";"Ativo";"IPCA + 16.4515% a.a.";"223";"";"";"";"";"Scopel";"";"";"CRI"
"HabitaSec";"Scopel";"12F0028545";"BRHBSCCRI080";"Ativo";"IPCA + 12% a.a.";"222";"";"";"";"";"Scopel";"";"";"CRI"
"HabitaSec";"Embraed";"19L0907825";"BRHBSCCRI4O5";"Ativo";"CDI + 3.5% a.a.";"234";"";"";"";"";"Embraed";"";"";"CRI"
"HabitaSec";"Embraed";"19L0906443";"BRHBSCCRI4N7";"Ativo";"CDI + 3.5% a.a.";"243";"";"";"";"";"Embraed";"";"";"CRI"
"HabitaSec";"VIC II";"20H0838579";"BRHBSCCRI536";"Ativo";"CDI + 7% a.a.";"266";"";"";"";"";"VIC II";"";"";"CRI"
"HabitaSec";"Guarapuava";"21B0591517";"BRHBSCCRI5W5";"Ativo";"IPCA + 8.5% a.a.";"256";"";"";"";"";"Guarapuava";"";"";"CRI"
"HabitaSec";"Guarapuava";"21B0591458";"BRHBSCCRI5U9";"Ativo";"IPCA + 8.5% a.a.";"254";"";"";"";"";"Guarapuava";"";"";"CRI"
"HabitaSec";"Pernambuco II";"21H1031323";"BRHBSCCRI783";"Ativo";"CDI + 5.75% a.a.";"262";"";"";"";"";"Pernambuco II";"";"";"CRI"
"HabitaSec";"Viver Fama";"21I0940474";"BRHBSCCRI7E9";"Ativo";"IPCA + 12.6825% a.a.";"360";"";"";"";"";"Viver Fama";"";"";"CRI"
"HabitaSec";"Viver Fama";"21I0940473";"BRHBSCCRI7D1";"Ativo";"IPCA + 12.6825% a.a.";"359";"";"";"";"";"Viver Fama";"";"";"CRI"
"HabitaSec";"Helbor XI";"23F1689784";"BRHBSCCRIA76";"Ativo";"CDI + 3% a.a.";"230";"";"";"";"";"Helbor XI";"";"";"CRI"
"HabitaSec";"Realiza IV";"24A2786450";"BRHBSCCRIAT5";"Ativo";"CDI + 6% a.a.";"480";"";"";"";"";"Realiza IV";"";"";"CRI"
"HabitaSec";"QSJRN";"25K3783044";"BRHBSCCRIDN2";"Ativo";"CDI + 12.49% a.a.";"625";"";"";"";"";"QSJRN";"";"";"CRI"
"HabitaSec";"Evoke";"25L3391401";"BRHBSCCRIDO0";"Ativo";"CDI + 4.5% a.a.";"626";"";"";"";"";"Evoke";"";"";"CRI"
"HabitaSec";"OR Loteamentos";"25L3861195";"BRHBSCCRIDV5";"Ativo";"IPCA + 12.5% a.a.";"624";"";"";"";"";"OR Loteamentos";"";"";"CRI"
"HabitaSec";"CRA Minerva";"CRA02500B9O";"BRHBSCCRA087";"Ativo";"Não definido + 14.89% a.a.";"630";"";"";"";"";"CRA Minerva";"";"";"CRI"
"HabitaSec";"CRA Minerva";"CRA02500B9N";"BRHBSCCRA079";"Ativo";"CDI + 1.0827% a.a.";"629";"";"";"";"";"CRA Minerva";"";"";"CRI"
"HabitaSec";"CRA Minerva";"CRA02500B9M";"BRHBSCCRA061";"Ativo";"CDI + 1% a.a.";"628";"";"";"";"";"CRA Minerva";"";"";"CRI"
"HabitaSec";"CRA Minerva II";"CRA0260005Q";"BRHBSCCRA095";"Ativo";"CDI + 1% a.a.";"631";"";"";"";"";"CRA Minerva II";"";"";"CRI"
"HabitaSec";"Ares das Brás";"26B2938203";"BRHBSCCRIE23";"Ativo";"IPCA";"636";"";"";"";"";"Ares das Brás";"";"";"CRI"
"HabitaSec";"Ares das Brás";"26B2931914";"BRHBSCCRIE15";"Ativo";"IPCA";"635";"";"";"";"";"Ares das Brás";"";"";"CRI"
"HabitaSec";"Ares das Brás";"26B2853042";"BRHBSCCRIE07";"Ativo";"IPCA";"634";"";"";"";"";"Ares das Brás";"";"";"CRI"
"HabitaSec";"Ares das Brás";"26B2850203";"BRHBSCCRIDZ6";"Ativo";"IPCA";"633";"";"";"";"";"Ares das Brás";"";"";"CRI"
"HabitaSec";"Ares das Brás";"26B2841429";"BRHBSCCRIDY9";"Ativo";"IPCA + 13% a.a.";"632";"";"";"";"";"Ares das Brás";"";"";"CRI"
"HabitaSec";"Raum";"22B0468118";"BRHBSCCRI8D9";"Ativo";"IPCA + 13% a.a.";"224";"";"";"";"";"Raum";"";"";"CRI"
"HabitaSec";"Partage";"15K0641039";"BRHBSCCRI1E2";"Ativo";"CDI + 2% a.a.";"514";"";"";"";"";"Partage";"";"";"CRI"
"HabitaSec";"Participa";"18K1252620";"BRHBSCCRI2T8";"Ativo";"CDI + 1.35% a.a.";"503";"";"";"";"";"Participa";"";"";"CRI"
"HabitaSec";"Participa";"18K1252555";"BRHBSCCRI2S0";"Ativo";"IPCA + 9.75% a.a.";"502";"";"";"";"";"Participa";"";"";"CRI"
"HabitaSec";"Setin II";"19E0281174";"BRHBSCCRI3B4";"Ativo";"CDI + 4% a.a.";"489";"";"";"";"";"Setin II";"";"";"CRI"
"HabitaSec";"Partage II";"19G0312147";"BRHBSCCRI3G3";"Ativo";"IPCA + 5.41% a.a.";"447";"";"";"";"";"Partage II";"";"";"CRI"
"HabitaSec";"Setin III";"19I0307144";"BRHBSCCRI3Q2";"Ativo";"CDI + 4.25% a.a.";"451";"";"";"";"";"Setin III";"";"";"CRI"
"HabitaSec";"Embraed II";"20F0870073";"BRHBSCCRI4Y4";"Ativo";"CDI + 5.5% a.a.";"477";"";"";"";"";"Embraed II";"";"";"CRI"
"HabitaSec";"Participa II";"20I0719882";"BRHBSCCRI5F0";"Ativo";"IPCA + 7.35% a.a.";"418";"";"";"";"";"Participa II";"";"";"CRI"
"HabitaSec";"Participa II";"20I0719744";"BRHBSCCRI5E3";"Ativo";"IPCA + 5.35% a.a.";"417";"";"";"";"";"Participa II";"";"";"CRI"
"HabitaSec";"Participa II";"20I0719702";"BRHBSCCRI5D5";"Ativo";"CDI + 2.8% a.a.";"416";"";"";"";"";"Participa II";"";"";"CRI"
"HabitaSec";"Shopping-Alegria";"21B0716603";"BRHBSCCRI5X3";"Ativo";"IPCA + 12.6825% a.a.";"351";"";"";"";"";"Shopping-Alegria";"";"";"CRI"
"HabitaSec";"Infinita Life III";"21B0760585";"BRHBSCCRI619";"Ativo";"IPCA + 14% a.a.";"348";"";"";"";"";"Infinita Life III";"";"";"CRI"
"HabitaSec";"Infinita Life III";"21B0760584";"BRHBSCCRI601";"Ativo";"IPCA + 14% a.a.";"347";"";"";"";"";"Infinita Life III";"";"";"CRI"
"HabitaSec";"Infinita Life III";"21B0760582";"BRHBSCCRI5Z8";"Ativo";"IPCA + 14% a.a.";"346";"";"";"";"";"Infinita Life III";"";"";"CRI"
"HabitaSec";"Andali";"21C0730879";"BRHBSCCRI650";"Ativo";"IPCA + 6.75% a.a.";"350";"";"";"";"";"Andali";"";"";"CRI"
"HabitaSec";"Embraed Rec";"21D0779954";"BRHBSCCRI6L6";"Ativo";"IPCA + 7% a.a.";"356";"";"";"";"";"Embraed Rec";"";"";"CRI"
"HabitaSec";"Cataguases";"21G0090798";"BRHBSCCRI6P7";"Ativo";"CDI + 6.5% a.a.";"199";"";"";"";"";"Cataguases";"";"";"CRI"
"HabitaSec";"Extrema Via Varejo";"21G0864354";"BRHBSCCRI6X1";"Ativo";"IPCA + 6.5% a.a.";"358";"";"";"";"";"Extrema Via Varejo";"";"";"CRI"
"HabitaSec";"Viver Fama";"21I0940472";"BRHBSCCRI7C3";"Ativo";"IPCA + 12.6825% a.a.";"358";"";"";"";"";"Viver Fama";"";"";"CRI"
"HabitaSec";"Viver Fama";"21I0566608";"BRHBSCCRI7B5";"Ativo";"IPCA + 12.6825% a.a.";"357";"";"";"";"";"Viver Fama";"";"";"CRI"
"HabitaSec";"Extrema Via Varejo II";"21J0585266";"BRHBSCCRI4A4";"Ativo";"IPCA + 6.5% a.a.";"386";"";"";"";"";"Extrema Via Varejo II";"";"";"CRI"
"HabitaSec";"JSL";"21K0728271";"BRHBSCCRI411";"Ativo";"IPCA + 6.5% a.a.";"388";"";"";"";"";"JSL";"";"";"CRI"
"HabitaSec";"Vanguarda";"22A1127471";"BRHBSCCRI825";"Ativo";"IPCA + 12.6825% a.a.";"282";"";"";"";"";"Vanguarda";"";"";"CRI"
"HabitaSec";"Frio Peças";"22B0582974";"BRHBSCCRI8C1";"Ativo";"IPCA + 7% a.a.";"201";"";"";"";"";"Frio Peças";"";"";"CRI"
"HabitaSec";"Extrema Pulverizado";"22F1296971";"BRHBSCCRI916";"Ativo";"IPCA + 7% a.a.";"173";"";"";"";"";"Extrema Pulverizado";"";"";"CRI"
"HabitaSec";"Extrema Pulverizado II";"22H0194042";"BRHBSCCRI924";"Ativo";"IPCA + 7% a.a.";"248";"";"";"";"";"Extrema Pulverizado II";"";"";"CRI"
"HabitaSec";"Extrema Pulverizada III";"22K0024321";"BRHBSCCRI9N6";"Ativo";"IPCA + 7% a.a.";"283";"";"";"";"";"Extrema Pulverizada III";"";"";"CRI"
"HabitaSec";"Extrema Pulverizado IV";"22L1464124";"BRHBSCCRI9Y3";"Ativo";"IPCA + 7% a.a.";"195";"";"";"";"";"Extrema Pulverizado IV";"";"";"CRI"
"HabitaSec";"Infinita Life III";"23B0432351";"BRHBSCCRI9Z0";"Ativo";"CDI + 7% a.a.";"349";"";"";"";"";"Infinita Life III";"";"";"CRI"
"HabitaSec";"Helbor X";"23D1860605";"BRHBSCCRIA43";"Ativo";"CDI + 2.25% a.a.";"191";"";"";"";"";"Helbor X";"";"";"CRI"
"HabitaSec";"Arquiplan";"24E1885543";"BRHBSCCRIBH8";"Ativo";"CDI + 4.5% a.a.";"568";"";"";"";"";"Arquiplan";"";"";"CRI"
"HabitaSec";"CRA Minerva";"CRA02500B9L";"BRHBSCCRA053";"Ativo";"CDI + 0.8% a.a.";"627";"";"";"";"";"CRA Minerva";"";"";"CRI"
"HabitaSec";"Montrecom Trend Vila Madalena";"26B0018801";"BRHBSCCRIDM4";"Ativo";"IPCA + 10.9% a.a.";"620";"";"";"";"";"Montrecom Trend Vila Madalena";"";"";"CRI"
"HabitaSec";"Montrecom Trend Vila Madalena";"26A0022601";"BRHBSCCRIDL6";"Ativo";"IPCA + 10.95% a.a.";"619";"";"";"";"";"Montrecom Trend Vila Madalena";"";"";"CRI"
"HabitaSec";"Montrecom Trend Vila Madalena";"25L2191977";"BRHBSCCRIDK8";"Ativo";"IPCA + 11% a.a.";"618";"";"";"";"";"Montrecom Trend Vila Madalena";"";"";"CRI"
"HabitaSec";"Abecker Ingo";"25K3419968";"BRHBSCCRIDI2";"Ativo";"IPCA + 14% a.a.";"617";"";"";"";"";"Abecker Ingo";"";"";"CRI"
"HabitaSec";"Abecker Mirante da Serra";"25K3493414";"BRHBSCCRIDJ0";"Ativo";"IPCA + 14% a.a.";"616";"";"";"";"";"Abecker Mirante da Serra";"";"";"CRI"
"HabitaSec";"Crediblue Aquisição Residencial";"25K2620703";"BRHBSCCRID81";"Ativo";"IPCA + 10.5% a.a.";"615";"";"";"";"";"Crediblue Aquisição Residencial";"";"";"CRI"
"HabitaSec";"Crediblue Aquisição Residencial";"25K2582347";"BRHBSCCRID73";"Ativo";"IPCA + 9.5% a.a.";"614";"";"";"";"";"Crediblue Aquisição Residencial";"";"";"CRI"
"HabitaSec";"Concase";"25K3165372";"BRHBSCCRIDE1";"Ativo";"CDI + 6% a.a.";"612";"";"";"";"";"Concase";"";"";"CRI"
"HabitaSec";"Concase";"25K3148566";"BRHBSCCRIDD3";"Ativo";"CDI + 6% a.a.";"611";"";"";"";"";"Concase";"";"";"CRI"
"HabitaSec";"Concase";"25K3177746";"BRHBSCCRIDC5";"Ativo";"CDI + 6% a.a.";"610";"";"";"";"";"Concase";"";"";"CRI"
"HabitaSec";"Concase";"25K3164259";"BRHBSCCRIDB7";"Ativo";"CDI + 6% a.a.";"609";"";"";"";"";"Concase";"";"";"CRI"
"HabitaSec";"Concase";"25K3094209";"BRHBSCCRIDA9";"Ativo";"CDI + 6% a.a.";"608";"";"";"";"";"Concase";"";"";"CRI"
"HabitaSec";"Legacy";"25K3285301";"BRHBSCCRIDH4";"Ativo";"CDI + 4% a.a.";"607";"";"";"";"";"Legacy";"";"";"CRI"
"HabitaSec";"Alameda 75";"25J5539575";"BRHBSCCRID65";"Ativo";"IPCA + 16.25% a.a.";"606";"";"";"";"";"Alameda 75";"";"";"CRI"
"HabitaSec";"Ativos Residenciais Diversificados 2";"25J4656723";"BRHBSCCRID57";"Ativo";"CDI + 3% a.a.";"605";"";"";"";"";"Ativos Residenciais Diversificados 2";"";"";"CRI"
"HabitaSec";"Abecker Ziel";"25J3111372";"BRHBSCCRID40";"Ativo";"IPCA + 14% a.a.";"603";"";"";"";"";"Abecker Ziel";"";"";"CRI"
"HabitaSec";"Longitude III";"25I3986648";"BRHBSCCRID32";"Ativo";"Não definido + 0.0001% a.a.";"601";"";"";"";"";"Longitude III";"";"";"CRI"
"HabitaSec";"Cantu Pneus";"25I3990145";"BRHBSCCRID16";"Ativo";"CDI + 3.5% a.a.";"600";"";"";"";"";"Cantu Pneus";"";"";"CRI"
"HabitaSec";"Longitude III";"25I3974985";"BRHBSCCRID24";"Ativo";"CDI + 4.5% a.a.";"599";"";"";"";"";"Longitude III";"";"";"CRI"
"HabitaSec";"Colmeia Felicita";"21C0731423";"BRHBSCCRI627";"Ativo";"IPCA + 15% a.a.";"344";"";"";"";"";"Colmeia Felicita";"";"";"CRI"
"HabitaSec";"Colmeia Felicita";"21C0912079";"&#8212;";"Ativo";"IPCA + 15% a.a.";"547";"";"";"";"";"Colmeia Felicita";"";"";"CRI"
"HabitaSec";"SCOPEL O.A";"11C0037320";"&#8212;";"Ativo";"IPCA + 11% a.a.";"461";"";"";"";"";"SCOPEL O.A";"";"";"CRI"
"HabitaSec";"Scopel";"12F0028370";"BRHBSCCRI072";"Ativo";"IPCA + 8.75% a.a.";"221";"";"";"";"";"Scopel";"";"";"CRI"
"HabitaSec";"Shop Jaraguá";"13F0056986";"BRHBSCCRI0L9";"Ativo";"IPCA + 6% a.a.";"471";"";"";"";"";"Shop Jaraguá";"";"";"CRI"
"HabitaSec";"TRX Contax";"14I0103933";"&#8212;";"Ativo";"IPCA + 7.1215% a.a.";"544";"";"";"";"";"TRX Contax";"";"";"CRI"
"HabitaSec";"Hotel Atlântico Sul";"15D0493675";"BRHBSCCRI155";"Ativo";"IPCA + 10.5% a.a.";"232";"";"";"";"";"Hotel Atlântico Sul";"";"";"CRI"
"HabitaSec";"Fll BRL";"15E0135588";"BRHBSCCRI171";"Ativo";"TR + 9.85% a.a.";"249";"";"";"";"";"Fll BRL";"";"";"CRI"
"HabitaSec";"Vinci";"15E0135577";"BRHBSCCRI163";"Ativo";"TR + 9.85% a.a.";"248";"";"";"";"";"Vinci";"";"";"CRI"
"HabitaSec";"Buritis";"15K0592011";"BRHBSCCRI1D4";"Ativo";"IPCA + 10% a.a.";"470";"";"";"";"";"Buritis";"";"";"CRI"
"HabitaSec";"Setin";"17D0192368";"BRHBSCCRI1T0";"Ativo";"CDI + 2.3% a.a.";"468";"";"";"";"";"Setin";"";"";"CRI"
"HabitaSec";"Setin";"17D0192369";"BRHBSCCRI1U8";"Ativo";"CDI + 3% a.a.";"469";"";"";"";"";"Setin";"";"";"CRI"
"HabitaSec";"SuperFrio II";"18J0811268";"BRHBSCCRI2R2";"Ativo";"IPCA + 9.85% a.a.";"504";"";"";"";"";"SuperFrio II";"";"";"CRI"
"HabitaSec";"SuperFrio";"18J0811182";"BRHBSCCRI2Q4";"Ativo";"IPCA + 9.85% a.a.";"505";"";"";"";"";"SuperFrio";"";"";"CRI"
"HabitaSec";"Pitangueira";"18K1383003";"BRHBSCCRI2Z5";"Ativo";"IPCA + 12% a.a.";"453";"";"";"";"";"Pitangueira";"";"";"CRI"
"HabitaSec";"Castanheira";"18K1383002";"BRHBSCCRI2Y8";"Ativo";"IPCA + 12% a.a.";"454";"";"";"";"";"Castanheira";"";"";"CRI"
"HabitaSec";"Jatoba";"18K1383001";"BRHBSCCRI2X0";"Ativo";"IPCA + 12% a.a.";"455";"";"";"";"";"Jatoba";"";"";"CRI"
"HabitaSec";"BRDU II";"18L1128777";"BRHBSCCRI304";"Ativo";"IPCA + 9.5% a.a.";"452";"";"";"";"";"BRDU II";"";"";"CRI"
"HabitaSec";"Vilg";"19A0093844";"BRHBSCCRI320";"Ativo";"IPCA + 7.5% a.a.";"412";"";"";"";"";"Vilg";"";"";"CRI"
"HabitaSec";"Aracaju";"19C0281298";"BRHBSCCRI361";"Ativo";"IPCA + 9.5% a.a.";"413";"";"";"";"";"Aracaju";"";"";"CRI"
"HabitaSec";"HBR";"19G0228153";"BRHBSCCRI3H1";"Ativo";"IPCA + 6% a.a.";"208";"";"";"";"";"HBR";"";"";"CRI"
"HabitaSec";"Outlet";"19F0922610";"BRHBSCCRI3E8";"Ativo";"CDI + 2.5% a.a.";"235";"";"";"";"";"Outlet";"";"";"CRI"
"HabitaSec";"JCC II";"19I0737682";"BRHBSCCRI3W0";"Ativo";"CDI + 1.5% a.a.";"434";"";"";"";"";"JCC II";"";"";"CRI"
"HabitaSec";"JCC II";"19I0737681";"BRHBSCCRI3V2";"Ativo";"CDI + 1.4% a.a.";"433";"";"";"";"";"JCC II";"";"";"CRI"
"HabitaSec";"JCC II";"19I0737680";"BRHBSCCRI3U4";"Ativo";"CDI + 1.3% a.a.";"417";"";"";"";"";"JCC II";"";"";"CRI"
"HabitaSec";"Manhattan";"19J0327167";"BRHBSCCRI4B2";"Ativo";"CDI + 5.7% a.a.";"415";"";"";"";"";"Manhattan";"";"";"CRI"
"HabitaSec";"Codepe";"19J0713613";"BRHBSCCRI4E6";"Ativo";"IPCA + 7.67% a.a.";"416";"";"";"";"";"Codepe";"";"";"CRI"
"HabitaSec";"Catuai";"19J0713612";"BRHBSCCRI4G1";"Ativo";"IPCA + 6% a.a.";"432";"";"";"";"";"Catuai";"";"";"CRI"
"HabitaSec";"Catuai";"19J0713611";"BRHBSCCRI4F3";"Ativo";"IPCA + 6% a.a.";"420";"";"";"";"";"Catuai";"";"";"CRI"
"HabitaSec";"Project Bread";"19K1139274";"BRHBSCCRI4I7";"Ativo";"IPCA + 15% a.a.";"446";"";"";"";"";"Project Bread";"";"";"CRI"
"HabitaSec";"Project Bread";"19K1139273";"BRHBSCCRI4H9";"Ativo";"IPCA + 8.12% a.a.";"445";"";"";"";"";"Project Bread";"";"";"CRI"
"HabitaSec";"Evolution";"19L0823309";"BRHBSCCRI4J5";"Ativo";"IPCA + 6.25% a.a.";"228";"";"";"";"";"Evolution";"";"";"CRI"
"HabitaSec";"Calçada";"19L0906182";"BRHBSCCRI4M9";"Ativo";"IPCA + 12% a.a.";"444";"";"";"";"";"Calçada";"";"";"CRI"
"HabitaSec";"Spot";"20B0797175";"BRHBSCCRI4Q0";"Ativo";"CDI + 5% a.a.";"278";"";"";"";"";"Spot";"";"";"CRI"
"HabitaSec";"Nabileque II";"20H0835015";"BRHBSCCRI569";"Ativo";"IGP-DI + 11% a.a.";"259";"";"";"";"";"Nabileque II";"";"";"CRI"
"HabitaSec";"Quero-Quero";"20G0926014";"BRHBSCCRI510";"Ativo";"IPCA + 5.7% a.a.";"405";"";"";"";"";"Quero-Quero";"";"";"CRI"
"HabitaSec";"Sol Panamby";"20J0947705";"BRHBSCCRIAA5";"Ativo";"IPCA + 5.38% a.a.";"403";"";"";"";"";"Sol Panamby";"";"";"CRI"
"HabitaSec";"Sol Panamby";"20J0947706";"BRHBSCCRIA92";"Ativo";"IPCA + 5.38% a.a.";"402";"";"";"";"";"Sol Panamby";"";"";"CRI"
"HabitaSec";"Sol Panamby";"20J0947707";"BRHBSCCRIA84";"Ativo";"IPCA + 5.38% a.a.";"401";"";"";"";"";"Sol Panamby";"";"";"CRI"
"HabitaSec";"Sol Panamby";"20J0033610";"BRHBSCCRI5C7";"Ativo";"IPCA + 5.38% a.a.";"387";"";"";"";"";"Sol Panamby";"";"";"CRI"
"HabitaSec";"Sol Panamby";"20J0030180";"BRHBSCCRI5B9";"Ativo";"IPCA + 5.38% a.a.";"386";"";"";"";"";"Sol Panamby";"";"";"CRI"
"HabitaSec";"Sol Panamby";"20J0030144";"BRHBSCCRI5A1";"Ativo";"IPCA + 5.38% a.a.";"385";"";"";"";"";"Sol Panamby";"";"";"CRI"
"HabitaSec";"Ekkopark";"20J0864669";"BRHBSCCRI5J2";"Ativo";"IPCA + 8.5% a.a.";"428";"";"";"";"";"Ekkopark";"";"";"CRI"
"HabitaSec";"MSB";"20L0551394";"BRHBSCCRI5Q7";"Ativo";"IPCA + 12% a.a.";"409";"";"";"";"";"MSB";"";"";"CRI"
"HabitaSec";"Bread III";"20L0687995";"BRHBSCCRI5R5";"Ativo";"IPCA + 7.85% a.a.";"406";"";"";"";"";"Bread III";"";"";"CRI"
"HabitaSec";"Manhattan II";"20L0870667";"BRHBSCCRI5S3";"Ativo";"IPCA + 4% a.a.";"407";"";"";"";"";"Manhattan II";"";"";"CRI"
"HabitaSec";"Aura Rebouças";"20L0765928";"BRHBSCCRI5N4";"Ativo";"IPCA + 7.5% a.a.";"410";"";"";"";"";"Aura Rebouças";"";"";"CRI"
"HabitaSec";"Guarapuava";"21B0591503";"BRHBSCCRI5V7";"Ativo";"IPCA + 8.5% a.a.";"255";"";"";"";"";"Guarapuava";"";"";"CRI"
"HabitaSec";"Guarapuava";"21B0564516";"BRHBSCCRI5T1";"Ativo";"IPCA + 8.5% a.a.";"253";"";"";"";"";"Guarapuava";"";"";"CRI"
"HabitaSec";"Estrutura";"21C0164377";"BRHBSCCRI5Y1";"Ativo";"CDI + 9% a.a.";"267";"";"";"";"";"Estrutura";"";"";"CRI"
"HabitaSec";"Colmeia Vision";"21C0731447";"BRHBSCCRI643";"Ativo";"IPCA + 11.52% a.a.";"346";"";"";"";"";"Colmeia Vision";"";"";"CRI"
"HabitaSec";"Colmeia Living Garden";"21C0731381";"BRHBSCCRI635";"Ativo";"IPCA + 11.52% a.a.";"345";"";"";"";"";"Colmeia Living Garden";"";"";"CRI"
"HabitaSec";"Ekkopark II";"21C0731719";"BRHBSCCRI668";"Ativo";"IPCA + 8.5% a.a.";"343";"";"";"";"";"Ekkopark II";"";"";"CRI"
"HabitaSec";"Manara II";"21C0813125";"BRHBSCCRI692";"Ativo";"IPCA + 9% a.a.";"252";"";"";"";"";"Manara II";"";"";"CRI"
"HabitaSec";"Manara II";"21C0813120";"BRHBSCCRI684";"Ativo";"IPCA + 9% a.a.";"251";"";"";"";"";"Manara II";"";"";"CRI"
"HabitaSec";"Quero Quero II";"21C0774127";"BRHBSCCRI676";"Ativo";"IPCA + 5.9% a.a.";"427";"";"";"";"";"Quero Quero II";"";"";"CRI"
"HabitaSec";"Jardins Boulevard";"21D0864265";"BRHBSCCRI6G6";"Ativo";"IPCA + 9.5% a.a.";"277";"";"";"";"";"Jardins Boulevard";"";"";"CRI"
"HabitaSec";"Jardins Boulevard";"21D0864264";"BRHBSCCRI6F8";"Ativo";"IPCA + 9.5% a.a.";"276";"";"";"";"";"Jardins Boulevard";"";"";"CRI"
"HabitaSec";"Jardins Boulevard";"21D0864263";"BRHBSCCRI6E1";"Ativo";"IPCA + 9.5% a.a.";"275";"";"";"";"";"Jardins Boulevard";"";"";"CRI"
"HabitaSec";"Jardins Boulevard";"21D0864254";"BRHBSCCRI6D3";"Ativo";"IPCA + 9.5% a.a.";"274";"";"";"";"";"Jardins Boulevard";"";"";"CRI"
"HabitaSec";"Jardins Boulevard";"21D0864253";"BRHBSCCRI6C5";"Ativo";"IPCA + 9.5% a.a.";"273";"";"";"";"";"Jardins Boulevard";"";"";"CRI"
"HabitaSec";"Jardins Boulevard";"21D0864252";"BRHBSCCRI6B7";"Ativo";"IPCA + 9.5% a.a.";"272";"";"";"";"";"Jardins Boulevard";"";"";"CRI"
"HabitaSec";"CRA ERB";"CRA021000SE";"BRHBSCCRA012";"Ativo";"IPCA + 9% a.a.";"213";"";"";"";"";"CRA ERB";"";"";"CRI"
"HabitaSec";"Aura Vila Mascote";"21E0048439";"BRHBSCCRI6H4";"Ativo";"IPCA + 7.5% a.a.";"261";"";"";"";"";"Aura Vila Mascote";"";"";"CRI"
"HabitaSec";"VIC III";"21F0189140";"BRHBSCCRI612";"Ativo";"IPCA + 8% a.a.";"268";"";"";"";"";"VIC III";"";"";"CRI"
"HabitaSec";"Rio Ave";"21F0211653";"BRHBSCCRI6J0";"Ativo";"IPCA + 6% a.a.";"336";"";"";"";"";"Rio Ave";"";"";"CRI"
"HabitaSec";"Bussolaro";"21F1037235";"BRHBSCCRI6M4";"Ativo";"Não definido + 12.5% a.a.";"348";"";"";"";"";"Bussolaro";"";"";"CRI"
"HabitaSec";"JPS IV";"21F1076965";"BRHBSCCRI6N2";"Ativo";"IPCA + 6.5% a.a.";"350";"";"";"";"";"JPS IV";"";"";"CRI"
"HabitaSec";"HBR Comvem";"21G0507867";"BRHBSCCRI6Q5";"Ativo";"IPCA + 5% a.a.";"270";"";"";"";"";"HBR Comvem";"";"";"CRI"
"HabitaSec";"Carvalho Hosken";"21G0734354";"BRHBSCCRI6W3";"Ativo";"CDI + 7.7% a.a.";"354";"";"";"";"";"Carvalho Hosken";"";"";"CRI"
"HabitaSec";"Joaquim Távora";"21G0733026";"BRHBSCCRI6S1";"Ativo";"IPCA + 10% a.a.";"353";"";"";"";"";"Joaquim Távora";"";"";"CRI"
"HabitaSec";"Joaquim Távora";"21G0733018";"BRHBSCCRI6R3";"Ativo";"IPCA + 10% a.a.";"352";"";"";"";"";"Joaquim Távora";"";"";"CRI"
"HabitaSec";"Vila Madalena";"21I0940486";"BRHBSCCRI7K6";"Ativo";"IPCA + 10% a.a.";"366";"";"";"";"";"Vila Madalena";"";"";"CRI"
"HabitaSec";"Vila Madalena";"21I0940485";"BRHBSCCRI7J8";"Ativo";"IPCA + 10% a.a.";"365";"";"";"";"";"Vila Madalena";"";"";"CRI"
"HabitaSec";"Vila Madalena";"21I0940484";"BRHBSCCRI7I0";"Ativo";"IPCA + 10% a.a.";"364";"";"";"";"";"Vila Madalena";"";"";"CRI"
"HabitaSec";"Vila Madalena";"21I0940482";"BRHBSCCRI7H2";"Ativo";"IPCA + 10% a.a.";"363";"";"";"";"";"Vila Madalena";"";"";"CRI"
"HabitaSec";"Vila Madalena";"21I0940475";"BRHBSCCRI7G4";"Ativo";"IPCA + 10% a.a.";"362";"";"";"";"";"Vila Madalena";"";"";"CRI"
"HabitaSec";"Vila Madalena";"21I0600458";"BRHBSCCRI7F6";"Ativo";"IPCA + 10% a.a.";"361";"";"";"";"";"Vila Madalena";"";"";"CRI"
"HabitaSec";"VCA";"21I0798465";"BRHBSCCRI7A7";"Ativo";"IPCA + 7% a.a.";"356";"";"";"";"";"VCA";"";"";"CRI"
"HabitaSec";"VCA";"21I0776342";"BRHBSCCRI791";"Ativo";"IPCA + 7% a.a.";"355";"";"";"";"";"VCA";"";"";"CRI"
"HabitaSec";"Realiza II";"21I0826412";"BRHBSCCRI7L4";"Ativo";"IPCA + 9% a.a.";"367";"";"";"";"";"Realiza II";"";"";"CRI"
"HabitaSec";"Chemin";"21G0881444";"BRHBSCCRI7M2";"Ativo";"IPCA + 12% a.a.";"209";"";"";"";"";"Chemin";"";"";"CRI"
"HabitaSec";"Shopping Alegria II";"21L0868658";"BRHBSCCRI7O8";"Ativo";"IPCA + 13% a.a.";"258";"";"";"";"";"Shopping Alegria II";"";"";"CRI"
"HabitaSec";"Shopping Alegria II";"21L0868593";"BRHBSCCRI7N0";"Ativo";"IPCA + 13% a.a.";"257";"";"";"";"";"Shopping Alegria II";"";"";"CRI"
"HabitaSec";"Gafisa V";"21L0729731";"BRHBSCCRI7Y7";"Ativo";"CDI + 4.5% a.a.";"371";"";"";"";"";"Gafisa V";"";"";"CRI"
"HabitaSec";"Gafisa V";"21L0729728";"BRHBSCCRI7X9";"Ativo";"CDI + 4.5% a.a.";"370";"";"";"";"";"Gafisa V";"";"";"CRI"
"HabitaSec";"Manhattan NY";"21L0967522";"BRHBSCCRI7W1";"Ativo";"IPCA + 13% a.a.";"381";"";"";"";"";"Manhattan NY";"";"";"CRI"
"HabitaSec";"Manhattan NY";"21L0967500";"BRHBSCCRI7V3";"Ativo";"IPCA + 13% a.a.";"379";"";"";"";"";"Manhattan NY";"";"";"CRI"
"HabitaSec";"Manhattan NY";"21L0967496";"BRHBSCCRI7U5";"Ativo";"IPCA + 13% a.a.";"377";"";"";"";"";"Manhattan NY";"";"";"CRI"
"HabitaSec";"Manhattan NY";"21L0967495";"BRHBSCCRI7T7";"Ativo";"IPCA + 13% a.a.";"375";"";"";"";"";"Manhattan NY";"";"";"CRI"
"HabitaSec";"Manhattan NY";"21L0967494";"BRHBSCCRI7S9";"Ativo";"IPCA + 13% a.a.";"373";"";"";"";"";"Manhattan NY";"";"";"CRI"
"HabitaSec";"Manhattan NY";"21L0967490";"BRHBSCCRI7R1";"Ativo";"IPCA + 10% a.a.";"380";"";"";"";"";"Manhattan NY";"";"";"CRI"
"HabitaSec";"Manhattan NY";"21L0967455";"BRHBSCCRI7Q3";"Ativo";"IPCA + 10% a.a.";"378";"";"";"";"";"Manhattan NY";"";"";"CRI"
"HabitaSec";"Manhattan NY";"21L0967448";"BRHBSCCRI7P5";"Ativo";"IPCA + 10% a.a.";"376";"";"";"";"";"Manhattan NY";"";"";"CRI"
"HabitaSec";"Manhattan NY";"21L0967444";"BRHBSCCRI460";"Ativo";"IPCA + 10% a.a.";"374";"";"";"";"";"Manhattan NY";"";"";"CRI"
"HabitaSec";"Manhattan NY";"21L0967403";"BRHBSCCRI452";"Ativo";"IPCA + 10% a.a.";"372";"";"";"";"";"Manhattan NY";"";"";"CRI"
"HabitaSec";"Co Haut";"22A0759371";"BRHBSCCRI8B3";"Ativo";"IPCA + 14.03% a.a.";"265";"";"";"";"";"Co Haut";"";"";"CRI"
"HabitaSec";"Co Haut";"22A0759361";"BRHBSCCRI8A5";"Ativo";"IPCA + 14.03% a.a.";"264";"";"";"";"";"Co Haut";"";"";"CRI"
"HabitaSec";"Co Haut";"22A0759327";"BRHBSCCRI890";"Ativo";"IPCA + 14.03% a.a.";"263";"";"";"";"";"Co Haut";"";"";"CRI"
"HabitaSec";"Aura Campo Belo";"22A0791137";"BRHBSCCRI809";"Ativo";"IPCA + 8.5% a.a.";"285";"";"";"";"";"Aura Campo Belo";"";"";"CRI"
"HabitaSec";"Estrutura II";"22B0337860";"BRHBSCCRI882";"Ativo";"CDI + 9% a.a.";"290";"";"";"";"";"Estrutura II";"";"";"CRI"
"HabitaSec";"Alinea";"22B0582556";"BRHBSCCRI8H0";"Ativo";"IGP-M + 7.85% a.a.";"299";"";"";"";"";"Alinea";"";"";"CRI"
"HabitaSec";"Alinea";"22B0581101";"BRHBSCCRI8G2";"Ativo";"IGP-M + 7.85% a.a.";"298";"";"";"";"";"Alinea";"";"";"CRI"
"HabitaSec";"BTS Fortaleza";"21B0767864";"BRHBSCCRI8J6";"Ativo";"IPCA + 18% a.a.";"330";"";"";"";"";"BTS Fortaleza";"";"";"CRI"
"HabitaSec";"Carneiro";"22B0680153";"BRHBSCCRI8I8";"Ativo";"IPCA + 9% a.a.";"291";"";"";"";"";"Carneiro";"";"";"CRI"
"HabitaSec";"Superfrio III";"22C0911889";"BRHBSCCRI8K4";"Ativo";"CDI + 4.65% a.a.";"331";"";"";"";"";"Superfrio III";"";"";"CRI"
"HabitaSec";"Riacho Doce";"22D0845162";"BRHBSCCRI8N8";"Ativo";"IPCA + 13% a.a.";"304";"";"";"";"";"Riacho Doce";"";"";"CRI"
"HabitaSec";"Riacho Doce";"22D0845146";"BRHBSCCRI8M0";"Ativo";"IPCA + 13% a.a.";"303";"";"";"";"";"Riacho Doce";"";"";"CRI"
"HabitaSec";"Riacho Doce";"22D0844981";"BRHBSCCRI8L2";"Ativo";"IPCA + 13% a.a.";"302";"";"";"";"";"Riacho Doce";"";"";"CRI"
"HabitaSec";"Campos do Jordão";"22D1286984";"BRHBSCCRI8W9";"Ativo";"CDI + 6.5% a.a.";"297";"";"";"";"";"Campos do Jordão";"";"";"CRI"
"HabitaSec";"Campos do Jordão";"22D1286983";"BRHBSCCRI8V1";"Ativo";"CDI + 5% a.a.";"296";"";"";"";"";"Campos do Jordão";"";"";"CRI"
"HabitaSec";"Campos do Jordão";"22D1286982";"BRHBSCCRI8U3";"Ativo";"CDI + 5% a.a.";"295";"";"";"";"";"Campos do Jordão";"";"";"CRI"
"HabitaSec";"Campos do Jordão";"22D1286981";"BRHBSCCRI8T5";"Ativo";"CDI + 5% a.a.";"294";"";"";"";"";"Campos do Jordão";"";"";"CRI"
"HabitaSec";"Campos do Jordão";"22D1286980";"BRHBSCCRI8S7";"Ativo";"CDI + 5% a.a.";"293";"";"";"";"";"Campos do Jordão";"";"";"CRI"
"HabitaSec";"Embraed VI Haitong";"22D1283353";"BRHBSCCRI8R9";"Ativo";"CDI + 3.85% a.a.";"283";"";"";"";"";"Embraed VI Haitong";"";"";"CRI"
"HabitaSec";"Montreal Vila Olimpia";"22E0854678";"BRHBSCCRI8Y5";"Ativo";"IPCA + 9% a.a.";"301";"";"";"";"";"Montreal Vila Olimpia";"";"";"CRI"
"HabitaSec";"Helbor VIII";"22E1211649";"BRHBSCCRI8X7";"Ativo";"CDI + 3% a.a.";"311";"";"";"";"";"Helbor VIII";"";"";"CRI"
"HabitaSec";"VIC IV";"22F1162246";"BRHBSCCRI908";"Ativo";"IPCA + 12% a.a.";"287";"";"";"";"";"VIC IV";"";"";"CRI"
"HabitaSec";"VIC IV";"22F1135958";"BRHBSCCRI8Z2";"Ativo";"IPCA + 9.5% a.a.";"286";"";"";"";"";"VIC IV";"";"";"CRI"
"HabitaSec";"Carandá II";"22H1737558";"BRHBSCCRI9E5";"Ativo";"CDI + 4% a.a.";"317";"";"";"";"";"Carandá II";"";"";"CRI"
"HabitaSec";"Carandá";"22H1737532";"BRHBSCCRI9D7";"Ativo";"IPCA + 9.2% a.a.";"300";"";"";"";"";"Carandá";"";"";"CRI"
"HabitaSec";"0246S &#8211; Aura Vila Mariana";"21H0953114";"BRHBSCCRI767";"Ativo";"IPCA + 8.5% a.a.";"237";"";"";"";"";"0246S &#8211; Aura Vila Mariana";"";"";"CRI"
"HabitaSec";"Aura Vila Mariana";"21H0953104";"BRHBSCCRI759";"Ativo";"IPCA + 8.5% a.a.";"236";"";"";"";"";"Aura Vila Mariana";"";"";"CRI"
"HabitaSec";"QSJRN";"22H1667511";"BRHBSCCRI9B1";"Ativo";"CDI + 12.5% a.a.";"325";"";"";"";"";"QSJRN";"";"";"CRI"
"HabitaSec";"QSJRN";"22H1667510";"BRHBSCCRI9A3";"Ativo";"CDI + 12.5% a.a.";"324";"";"";"";"";"QSJRN";"";"";"CRI"
"HabitaSec";"QSJRN";"22H1667509";"BRHBSCCRI999";"Ativo";"CDI + 12.5% a.a.";"322";"";"";"";"";"QSJRN";"";"";"CRI"
"HabitaSec";"QSJRN";"22H1667508";"BRHBSCCRI981";"Ativo";"CDI + 12.5% a.a.";"321";"";"";"";"";"QSJRN";"";"";"CRI"
"HabitaSec";"QSJRN";"22H1667507";"BRHBSCCRI973";"Ativo";"CDI + 12.5% a.a.";"316";"";"";"";"";"QSJRN";"";"";"CRI"
"HabitaSec";"QSJRN";"22H1667479";"BRHBSCCRI965";"Ativo";"CDI + 12.5% a.a.";"315";"";"";"";"";"QSJRN";"";"";"CRI"
"HabitaSec";"QSJRN";"22H1663473";"BRHBSCCRI957";"Ativo";"CDI + 12.5% a.a.";"314";"";"";"";"";"QSJRN";"";"";"CRI"
"HabitaSec";"QSJRN";"22H1663827";"BRHBSCCRI940";"Ativo";"CDI + 12.5% a.a.";"313";"";"";"";"";"QSJRN";"";"";"CRI"
"HabitaSec";"QSJRN";"22H1519129";"BRHBSCCRI932";"Ativo";"CDI + 12.5% a.a.";"312";"";"";"";"";"QSJRN";"";"";"CRI"
"HabitaSec";"BTS Varginha II";"22I0089943";"BRHBSCCRI9I6";"Ativo";"IPCA + 7.65% a.a.";"306";"";"";"";"";"BTS Varginha II";"";"";"CRI"
"HabitaSec";"BTS Varginha II";"22I0089914";"BRHBSCCRI9H8";"Ativo";"IPCA + 7.65% a.a.";"305";"";"";"";"";"BTS Varginha II";"";"";"CRI"
"HabitaSec";"BTS Varginha";"22I0089805";"BRHBSCCRI9G0";"Ativo";"IPCA + 7.65% a.a.";"309";"";"";"";"";"BTS Varginha";"";"";"CRI"
"HabitaSec";"BTS Varginha";"22I0089753";"BRHBSCCRI9F2";"Ativo";"IPCA + 7.65% a.a.";"308";"";"";"";"";"BTS Varginha";"";"";"CRI"
"HabitaSec";"Bread III (V)";"22I1560033";"BRHBSCCRI9K2";"Ativo";"IPCA + 9.25% a.a.";"310";"";"";"";"";"Bread III (V)";"";"";"CRI"
"HabitaSec";"Fragnani II";"22J0268409";"BRHBSCCRI9M8";"Ativo";"CDI + 3.5% a.a.";"212";"";"";"";"";"Fragnani II";"";"";"CRI"
"HabitaSec";"Fragnani II";"22J0268287";"BRHBSCCRI9L0";"Ativo";"IPCA + 8.5% a.a.";"211";"";"";"";"";"Fragnani II";"";"";"CRI"
"HabitaSec";"Bit Barueri";"22J2609555";"BRHBSCCRI9S5";"Ativo";"CDI + 5.5% a.a.";"563";"";"";"";"";"Bit Barueri";"";"";"CRI"
"HabitaSec";"Bit Barueri";"22J2609554";"BRHBSCCRI9R7";"Ativo";"CDI + 5.5% a.a.";"562";"";"";"";"";"Bit Barueri";"";"";"CRI"
"HabitaSec";"Bit Barueri";"22J1411297";"BRHBSCCRI9Q9";"Ativo";"CDI + 5.5% a.a.";"323";"";"";"";"";"Bit Barueri";"";"";"CRI"
"HabitaSec";"Bit Barueri";"22J1411295";"BRHBSCCRI9P1";"Ativo";"CDI + 5.5% a.a.";"307";"";"";"";"";"Bit Barueri";"";"";"CRI"
"HabitaSec";"CRA Griffood";"CRA02200CNL";"BRHBSCCRA020";"Ativo";"CDI + 5.25% a.a.";"214";"";"";"";"";"CRA Griffood";"";"";"CRI"
"HabitaSec";"HausBau";"22K1685394";"BRHBSCCRI9T3";"Ativo";"IPCA + 10.25% a.a.";"260";"";"";"";"";"HausBau";"";"";"CRI"
"HabitaSec";"Helbor IX";"22L1013767";"BRHBSCCRI9U1";"Ativo";"CDI + 3% a.a.";"292";"";"";"";"";"Helbor IX";"";"";"CRI"
"HabitaSec";"Luan";"22L1215090";"BRHBSCCRI9V9";"Ativo";"IPCA + 10% a.a.";"284";"";"";"";"";"Luan";"";"";"CRI"
"HabitaSec";"Lar";"22L1212138";"BRHBSCCRI9X5";"Ativo";"CDI + 2.45% a.a.";"240";"";"";"";"";"Lar";"";"";"CRI"
"HabitaSec";"Lar";"22L1258273";"BRHBSCCRI9W7";"Ativo";"IPCA + 8.72% a.a.";"239";"";"";"";"";"Lar";"";"";"CRI"
"HabitaSec";"Poehma";"23C1626751";"BRHBSCCRIA27";"Ativo";"IPCA + 17% a.a.";"246";"";"";"";"";"Poehma";"";"";"CRI"
"HabitaSec";"Poehma";"23C1626118";"BRHBSCCRIA19";"Ativo";"IPCA + 17% a.a.";"245";"";"";"";"";"Poehma";"";"";"CRI"
"HabitaSec";"Poehma";"23C1625918";"BRHBSCCRIA01";"Ativo";"IPCA + 17% a.a.";"227";"";"";"";"";"Poehma";"";"";"CRI"
"HabitaSec";"MSB";"23D1245828";"BRHBSCCRIA35";"Ativo";"IPCA + 12% a.a.";"439";"";"";"";"";"MSB";"";"";"CRI"
"HabitaSec";"Moov";"23E1206892";"BRHBSCCRIA68";"Ativo";"IPCA + 12.68% a.a.";"244";"";"";"";"";"Moov";"";"";"CRI"
"HabitaSec";"Moov";"23E1202404";"BRHBSCCRIA50";"Ativo";"IPCA + 12.68% a.a.";"224";"";"";"";"";"Moov";"";"";"CRI"
"HabitaSec";"Rodaros";"23F1032483";"BRHBSCCR0003";"Ativo";"CDI + 6% a.a.";"247";"";"";"";"";"Rodaros";"";"";"CRI"
"HabitaSec";"Realiza Anápolis";"23H1744677";"BRHBSCCRIAC1";"Ativo";"CDI + 5.5% a.a.";"332";"";"";"";"";"Realiza Anápolis";"";"";"CRI"
"HabitaSec";"Bonelli";"23H1753231";"BRHBSCCRIAB3";"Ativo";"IPCA + 10.68% a.a.";"333";"";"";"";"";"Bonelli";"";"";"CRI"
"HabitaSec";"BTS Varginha";"23I1257019";"BRHBSCCRIAD9";"Ativo";"IPCA + 8.25% a.a.";"331";"";"";"";"";"BTS Varginha";"";"";"CRI"
"HabitaSec";"MSB Triu";"23I2066060";"BRHBSCCRIAE7";"Ativo";"IPCA + 10% a.a.";"334";"";"";"";"";"MSB Triu";"";"";"CRI"
"HabitaSec";"Pernambuco III";"23J1753853";"BRHBSCCRIAF4";"Ativo";"CDI + 5.75% a.a.";"382";"";"";"";"";"Pernambuco III";"";"";"CRI"
"HabitaSec";"HBR Estacionamentos";"23J1928151";"BRHBSCCRIAG2";"Ativo";"CDI + 3.5% a.a.";"422";"";"";"";"";"HBR Estacionamentos";"";"";"CRI"
"HabitaSec";"Mirante";"23J2008462";"BRHBSCCRIAH0";"Ativo";"IPCA + 12% a.a.";"428";"";"";"";"";"Mirante";"";"";"CRI"
"HabitaSec";"Ditolvo VI";"23K1512153";"BRHBSCCRIAJ6";"Ativo";"IPCA + 10% a.a.";"429";"";"";"";"";"Ditolvo VI";"";"";"CRI"
"HabitaSec";"Helbor XII (AF Cotas)";"23K1511855";"BRHBSCCRIAI8";"Ativo";"CDI + 3% a.a.";"438";"";"";"";"";"Helbor XII (AF Cotas)";"";"";"CRI"
"HabitaSec";"Econ II";"23K2260145";"BRHBSCCRIAL2";"Ativo";"CDI + 2% a.a.";"436";"";"";"";"";"Econ II";"";"";"CRI"
"HabitaSec";"Helbor XIII (Presidente Prudente)";"23K2511595";"BRHBSCCRIAK4";"Ativo";"Não definido + 12.8439% a.a.";"437";"";"";"";"";"Helbor XIII (Presidente Prudente)";"";"";"CRI"
"HabitaSec";"Longitude II";"23L1958573";"BRHBSCCRIAN8";"Ativo";"CDI + 5.5% a.a.";"474";"";"";"";"";"Longitude II";"";"";"CRI"
"HabitaSec";"Ipiranga";"23L2309173";"BRHBSCCRIAP3";"Ativo";"IPCA + 12% a.a.";"476";"";"";"";"";"Ipiranga";"";"";"CRI"
"HabitaSec";"Longitude II";"23L1958694";"BRHBSCCRIAO6";"Ativo";"CDI + 5.5% a.a.";"475";"";"";"";"";"Longitude II";"";"";"CRI"
"HabitaSec";"FIDC Empirica";"23L2834856";"BRHBSCCRIAR9";"Ativo";"IGP-M + 7% a.a.";"473";"";"";"";"";"FIDC Empirica";"";"";"CRI"
"HabitaSec";"FIDC Empirica";"23L2833549";"BRHBSCCRIAQ1";"Ativo";"IGP-M + 9.3% a.a.";"472";"";"";"";"";"FIDC Empirica";"";"";"CRI"
"HabitaSec";"Basesul";"24B1417493";"BRHBSCCRIAV1";"Ativo";"IPCA + 12% a.a.";"478";"";"";"";"";"Basesul";"";"";"CRI"
"HabitaSec";"Basesul";"24B1404788";"BRHBSCCRIAU3";"Ativo";"IPCA + 12% a.a.";"477";"";"";"";"";"Basesul";"";"";"CRI"
"HabitaSec";"Itaobim";"24B1812864";"BRHBSCCRIAZ2";"Ativo";"IPCA + 12% a.a.";"497";"";"";"";"";"Itaobim";"";"";"CRI"
"HabitaSec";"Super Extrema";"24B1669810";"BRHBSCCRIAY5";"Ativo";"IPCA + 7.5% a.a.";"482";"";"";"";"";"Super Extrema";"";"";"CRI"
"HabitaSec";"Super Extrema";"24B1669805";"BRHBSCCRIAX7";"Ativo";"IPCA + 7.5% a.a.";"481";"";"";"";"";"Super Extrema";"";"";"CRI"
"HabitaSec";"Boa";"24B1813276";"BRHBSCCRIB00";"Ativo";"IPCA + 9.5% a.a.";"506";"";"";"";"";"Boa";"";"";"CRI"
"HabitaSec";"Helbor BRAP";"24C1583302";"BRHBSCCRIB26";"Ativo";"CDI + 1.2004% a.a.";"494";"";"";"";"";"Helbor BRAP";"";"";"CRI"
"HabitaSec";"Helbor BRAP";"24C1582978";"BRHBSCCRIB18";"Ativo";"CDI + 2% a.a.";"491";"";"";"";"";"Helbor BRAP";"";"";"CRI"
"HabitaSec";"Manhattan NY";"24C1630594";"BRHBSCCRIB67";"Ativo";"IPCA + 13% a.a.";"493";"";"";"";"";"Manhattan NY";"";"";"CRI"
"HabitaSec";"Manhattan NY";"24C1630587";"BRHBSCCRIB59";"Ativo";"IPCA + 10% a.a.";"492";"";"";"";"";"Manhattan NY";"";"";"CRI"
"HabitaSec";"Level";"24C2208771";"BRHBSCCRIB91";"Ativo";"IPCA + 12.68% a.a.";"558";"";"";"";"";"Level";"";"";"CRI"
"HabitaSec";"Level";"24C2203838";"BRHBSCCRIB83";"Ativo";"IPCA + 12.68% a.a.";"557";"";"";"";"";"Level";"";"";"CRI"
"HabitaSec";"Level";"24C2199746";"BRHBSCCRIB75";"Ativo";"IPCA + 12.68% a.a.";"556";"";"";"";"";"Level";"";"";"CRI"
"HabitaSec";"Helbor BRAP";"24C1586480";"BRHBSCCRIB42";"Ativo";"IPCA + 7.704% a.a.";"495";"";"";"";"";"Helbor BRAP";"";"";"CRI"
"HabitaSec";"Helbor BRAP";"24C1589518";"BRHBSCCRIB34";"Ativo";"Não definido + 12.5908% a.a.";"496";"";"";"";"";"Helbor BRAP";"";"";"CRI"
"HabitaSec";"Pernambuco Aurora Prince";"24D3062404";"BRHBSCCRIBB1";"Ativo";"CDI + 5% a.a.";"502";"";"";"";"";"Pernambuco Aurora Prince";"";"";"CRI"
"HabitaSec";"MSB AXIS";"24D2858481";"BRHBSCCRIBA3";"Ativo";"IPCA + 11% a.a.";"501";"";"";"";"";"MSB AXIS";"";"";"CRI"
"HabitaSec";"EBM Permuta Financeira";"24D3470625";"BRHBSCCRIBE5";"Ativo";"INCC-M + 8% a.a.";"505";"";"";"";"";"EBM Permuta Financeira";"";"";"CRI"
"HabitaSec";"EBM Permuta Financeira";"24D3470114";"BRHBSCCRIBD7";"Ativo";"INCC-M + 8% a.a.";"504";"";"";"";"";"EBM Permuta Financeira";"";"";"CRI"
"HabitaSec";"Econ IV";"24E1394847";"BRHBSCCRIBF2";"Ativo";"CDI + 3.75% a.a.";"507";"";"";"";"";"Econ IV";"";"";"CRI"
"HabitaSec";"Realiza V (Goiânia)";"24F2010440";"BRHBSCCRIBL0";"Ativo";"CDI + 4.75% a.a.";"512";"";"";"";"";"Realiza V (Goiânia)";"";"";"CRI"
"HabitaSec";"Realiza V (Goiânia)";"24F2009551";"BRHBSCCRIBJ4";"Ativo";"CDI + 5% a.a.";"510";"";"";"";"";"Realiza V (Goiânia)";"";"";"CRI"
"HabitaSec";"Realiza V (Goiânia)";"24F2007358";"BRHBSCCRIBI6";"Ativo";"CDI + 4.75% a.a.";"509";"";"";"";"";"Realiza V (Goiânia)";"";"";"CRI"
"HabitaSec";"Franco Ribeiro";"24F2418658";"BRHBSCCRIBM8";"Ativo";"IPCA + 11.5% a.a.";"513";"";"";"";"";"Franco Ribeiro";"";"";"CRI"
"HabitaSec";"Montreal Vila Olimpia";"24G1773090";"BRHBT1CRI009";"Ativo";"IPCA + 12% a.a.";"514";"";"";"";"";"Montreal Vila Olimpia";"";"";"CRI"
"HabitaSec";"Ariatam";"24H1453741";"BRHBSCCRIBN6";"Ativo";"IPCA + 11% a.a.";"521";"";"";"";"";"Ariatam";"";"";"CRI"
"HabitaSec";"PIVÔ";"24H1736123";"BRHBSCCRIBP1";"Ativo";"CDI + 4% a.a.";"523";"";"";"";"";"PIVÔ";"";"";"CRI"
"HabitaSec";"Pulverizado Projetos Residenciais";"24H2096783";"BRHBSCCRIBQ9";"Ativo";"IPCA + 10% a.a.";"522";"";"";"";"";"Pulverizado Projetos Residenciais";"";"";"CRI"
"HabitaSec";"Nazale";"24I1781546";"BRHBSCCRIBR7";"Ativo";"CDI + 4.5% a.a.";"524";"";"";"";"";"Nazale";"";"";"CRI"
"HabitaSec";"Ativos Residenciais Diversificados";"24I2477779";"BRHBSCCRIBS5";"Ativo";"CDI + 8% a.a.";"525";"";"";"";"";"Ativos Residenciais Diversificados";"";"";"CRI"
"HabitaSec";"Bonelli Jaboh";"24J4614478";"BRHBSCCRIBW7";"Ativo";"IPCA + 14% a.a.";"530";"";"";"";"";"Bonelli Jaboh";"";"";"CRI"
"HabitaSec";"Bonelli Jaboh";"24J4614248";"BRHBSCCRIBV9";"Ativo";"IPCA + 10% a.a.";"529";"";"";"";"";"Bonelli Jaboh";"";"";"CRI"
"HabitaSec";"Bonelli Jaboh";"24J4614457";"BRHBSCCRIBU1";"Ativo";"IPCA + 14% a.a.";"528";"";"";"";"";"Bonelli Jaboh";"";"";"CRI"
"HabitaSec";"Bonelli Jaboh";"24J4614247";"BRHBSCCRIBT3";"Ativo";"IPCA + 10% a.a.";"527";"";"";"";"";"Bonelli Jaboh";"";"";"CRI"
"HabitaSec";"Pernambuco V";"24J4849357";"BRHBSCCRIBX5";"Ativo";"CDI + 5% a.a.";"526";"";"";"";"";"Pernambuco V";"";"";"CRI"
"HabitaSec";"Habitasul";"24J5055187";"BRHBSCCRIBY3";"Ativo";"IPCA + 11.9% a.a.";"531";"";"";"";"";"Habitasul";"";"";"CRI"
"HabitaSec";"CRA Cultura";"CRA02400ASZ";"BRHBSCCRA046";"Ativo";"CDI + 1% a.a.";"534";"";"";"";"";"CRA Cultura";"";"";"CRI"
"HabitaSec";"CRA Cultura";"CRA02400ASY";"BRHBSCCRA038";"Ativo";"CDI + 5.5% a.a.";"533";"";"";"";"";"CRA Cultura";"";"";"CRI"
"HabitaSec";"Kreich Ocean";"24K1659470";"BRHBSCCRIBZ0";"Ativo";"IPCA + 10% a.a.";"532";"";"";"";"";"Kreich Ocean";"";"";"CRI"
"HabitaSec";"Uniq";"24K3207575";"BRHBSCCRIC33";"Ativo";"IPCA + 13.01% a.a.";"543";"";"";"";"";"Uniq";"";"";"CRI"
"HabitaSec";"Uniq";"24K3106577";"BRHBSCCRIC25";"Ativo";"IPCA + 13% a.a.";"542";"";"";"";"";"Uniq";"";"";"CRI"
"HabitaSec";"Uniq";"24K3051531";"BRHBSCCRIC17";"Ativo";"IPCA + 10.5% a.a.";"541";"";"";"";"";"Uniq";"";"";"CRI"
"HabitaSec";"Umã Apeninos";"24K2830257";"BRHBSCCRIC09";"Ativo";"CDI + 6% a.a.";"535";"";"";"";"";"Umã Apeninos";"";"";"CRI"
"HabitaSec";"Ditolvo Raízes";"24L2169426";"BRHBSCCRIC41";"Ativo";"IPCA + 11% a.a.";"536";"";"";"";"";"Ditolvo Raízes";"";"";"CRI"
"HabitaSec";"Salas";"24L2289535";"BRHBSCCRIC66";"Ativo";"CDI + 5.5% a.a.";"540";"";"";"";"";"Salas";"";"";"CRI"
"HabitaSec";"Salas";"24L2283691";"BRHBSCCRIC58";"Ativo";"IPCA + 13.29% a.a.";"539";"";"";"";"";"Salas";"";"";"CRI"
"HabitaSec";"Helbor XV";"24L2814870";"BRHBSCCRIC74";"Ativo";"CDI + 3% a.a.";"545";"";"";"";"";"Helbor XV";"";"";"CRI"
"HabitaSec";"QSJRN";"24L3363983";"BRHBSCCRIC90";"Ativo";"CDI + 11.99% a.a.";"538";"";"";"";"";"QSJRN";"";"";"CRI"
"HabitaSec";"QSJRN";"24L3363976";"BRHBSCCRIC82";"Ativo";"CDI + 12% a.a.";"537";"";"";"";"";"QSJRN";"";"";"CRI"
"HabitaSec";"Intecom";"25A2896965";"BRHBSCCRICB9";"Ativo";"IPCA + 8.8% a.a.";"548";"";"";"";"";"Intecom";"";"";"CRI"
"HabitaSec";"Intecom";"25A2889666";"BRHBSCCRICA1";"Ativo";"IPCA + 8.8% a.a.";"549";"";"";"";"";"Intecom";"";"";"CRI"
"HabitaSec";"Bonelli";"23H4498402";"BRHBSCCRICD5";"Ativo";"IPCA + 14.68% a.a.";"551";"";"";"";"";"Bonelli";"";"";"CRI"
"HabitaSec";"Nurban Ibirapuera";"25A4463547";"BRHBSCCRICC7";"Ativo";"CDI + 4.45% a.a.";"552";"";"";"";"";"Nurban Ibirapuera";"";"";"CRI"
"HabitaSec";"Cristais Log";"25C3750671";"BRHBSCCRICI4";"Ativo";"IPCA + 10.5% a.a.";"559";"";"";"";"";"Cristais Log";"";"";"CRI"
"HabitaSec";"Cristais Log";"25C3750670";"BRHBSCCRICH6";"Ativo";"IPCA + 10.5% a.a.";"558";"";"";"";"";"Cristais Log";"";"";"CRI"
"HabitaSec";"Cristais Log";"25C3750605";"BRHBSCCRICG8";"Ativo";"IPCA + 10.5% a.a.";"557";"";"";"";"";"Cristais Log";"";"";"CRI"
"HabitaSec";"Cristais Log";"25C3746712";"BRHBSCCRICF0";"Ativo";"IPCA + 10.5% a.a.";"556";"";"";"";"";"Cristais Log";"";"";"CRI"
"HabitaSec";"Helbor XVI";"25C3846858";"BRHBSCCRICE3";"Ativo";"CDI + 3% a.a.";"555";"";"";"";"";"Helbor XVI";"";"";"CRI"
"HabitaSec";"Realiza 2025";"25C5641737";"BRHBSCCRICJ2";"Ativo";"IPCA + 10.5% a.a.";"560";"";"";"";"";"Realiza 2025";"";"";"CRI"
"HabitaSec";"Abecker Guimbala";"25D1415700";"BRHBSCCRICM6";"Ativo";"IPCA + 14% a.a.";"561";"";"";"";"";"Abecker Guimbala";"";"";"CRI"
"HabitaSec";"Abecker Duvoisin";"25E3131393";"BRHBSCCRICN4";"Ativo";"IPCA + 14% a.a.";"567";"";"";"";"";"Abecker Duvoisin";"";"";"CRI"
"HabitaSec";"Basesul";"24B1418674";"BRHBSCCRIAW9";"Ativo";"IPCA + 12% a.a.";"479";"";"";"";"";"Basesul";"";"";"CRI"
"HabitaSec";"Realiza 2025";"25E2783735";"BRHBSCCRICK0";"Ativo";"IPCA + 10% a.a.";"569";"";"";"";"";"Realiza 2025";"";"";"CRI"
"HabitaSec";"Realiza 2025";"25E2773908";"BRHBSCCRICL8";"Ativo";"IPCA + 9.5% a.a.";"568";"";"";"";"";"Realiza 2025";"";"";"CRI"
"HabitaSec";"Abecker Kasulke";"25F7201183";"BRHBSCCRICO2";"Ativo";"IPCA + 14% a.a.";"573";"";"";"";"";"Abecker Kasulke";"";"";"CRI"
"HabitaSec";"Realiza V (Goiânia)";"24F2010431";"BRHBSCCRIBK2";"Ativo";"CDI + 5.0001% a.a.";"511";"";"";"";"";"Realiza V (Goiânia)";"";"";"CRI"
"HabitaSec";"Poehma";"25F8288064";"BRHBSCCRICP9";"Ativo";"IPCA + 17.01% a.a.";"570";"";"";"";"";"Poehma";"";"";"CRI"
"HabitaSec";"Triplice";"25G2885888";"BRHBSCCRICQ7";"Ativo";"CDI + 4.85% a.a.";"571";"";"";"";"";"Triplice";"";"";"CRI"
"HabitaSec";"Triplice";"25G2900015";"BRHBSCCRICR5";"Ativo";"CDI + 4.86% a.a.";"572";"";"";"";"";"Triplice";"";"";"CRI"
"HabitaSec";"Poehma";"25H3263353";"BRHBSCCRICS3";"Ativo";"IPCA + 17.011% a.a.";"590";"";"";"";"";"Poehma";"";"";"CRI"
"HabitaSec";"VCA KAHAKAI";"25H4846072";"BRHBSCCRICU9";"Ativo";"IPCA + 10% a.a.";"593";"";"";"";"";"VCA KAHAKAI";"";"";"CRI"
"HabitaSec";"VCA KAHAKAI";"25H4845788";"BRHBSCCRICT1";"Ativo";"IPCA + 9.5% a.a.";"592";"";"";"";"";"VCA KAHAKAI";"";"";"CRI"
"HabitaSec";"Pulverizado Lançamentos Residenciais";"25H5089180";"BRHBSCCRICZ8";"Ativo";"IPCA + 10.5% a.a.";"591";"";"";"";"";"Pulverizado Lançamentos Residenciais";"";"";"CRI"
"HabitaSec";"Montrecom Vila Mariana";"25I0175369";"BRHBSCCRID08";"Ativo";"CDI + 4% a.a.";"598";"";"";"";"";"Montrecom Vila Mariana";"";"";"CRI"
"HabitaSec";"VCA KAHAKAI";"25J0017002";"BRHBSCCRICY1";"Ativo";"IPCA + 10.0002% a.a.";"597";"";"";"";"";"VCA KAHAKAI";"";"";"CRI"
"HabitaSec";"VCA KAHAKAI";"25J0017001";"BRHBSCCRICX3";"Ativo";"IPCA + 9.5002% a.a.";"596";"";"";"";"";"VCA KAHAKAI";"";"";"CRI"
"HabitaSec";"VCA KAHAKAI";"25I0014461";"BRHBSCCRICW5";"Ativo";"IPCA + 10.0001% a.a.";"595";"";"";"";"";"VCA KAHAKAI";"";"";"CRI"
"HabitaSec";"VCA KAHAKAI";"25I0014441";"BRHBSCCRICV7";"Ativo";"IPCA + 9.5001% a.a.";"594";"";"";"";"";"VCA KAHAKAI";"";"";"CRI"